POP,ROCK,LATIN,R&B/HIP-HOP,EDM - Dance/Electro.,COUNTRY,CHRISTIAN/GOSPEL
The Beatles,Robert Plant,Jennifer Lopez,Nas,Avicii,Johnny Cash,Louvin Brothers
Elvis Presley,Freddie Mercury,Prince Royce,Lil Wayne,Marshmello,Hank Williams,Merle Haggard
Elton John,Mick Jagger,Pitbull,The Notorious B.I.G.,David Guetta,Merle Haggard,Tammy Wynette
Madonna,Paul McCartney,Willie Colon,Jay-Z,Skrillex,Patsy Cline,Billy Joe Shaver
Frank Sinatra,Janis Joplin,Jenni Rivera,2Pac,Calvin Harris,Jimmie Rodgers,Dolly Parton
Barbra Streisand,Bruce Springsteen,Los Tigres del Norte,Scarface,Alan Walker,Bill Monroe,Willie Nelson
The Rolling Stones,Axl Rose,Romeo Santos,Eminem,Tiesto,Carter Family,Johnny Russell
Michael Jackson,Ann Wilson,Gloria Estefan,Kanye West,Swedish House Mafia,Loretta Lynn,Red Foley
Stevie Wonder,David Bowie,Tito Puente,Kendrick Lamar,Armin Van Buuren,Ray Price,Garth Brooks
Mariah Carey,Bob Dylan,Marc Anthony,Ice Cube,Deadmau5,The Stanley Brothers,Ferlin Husky
Janet Jackson,Bono,Carlos Santana,Drake,Martin Garrix,Elvis Presley,Randy Travis
Britney Spears,John Lennon,Selena,Snoop Dogg,Diplo,George Morgan,Waylon Jennings
The Beach Boys,Neil Young,Natalia Jimenez,Andre 3000,Paul Oakenfold,Tennessee Ernie Ford,Vince Gill
ABBA,Stevie Nicks,Paula Fernandes,DMX,Carl Cox,Tanya Tucker,Johnny Cash
Bee Gees,Kurt Cobain,Paulina Rubio,T.I.,Above & Beyond,Bill Anderson,Josh Turner
Prince,Roger Daltrey,Shakira,Jadakiss,Hardwell,Alabama,Roy Acuff
Billy Joel,Jim Morrison,J Balvin,Common,Paul van Dyk,Gene Watson,Porter Wagoner
Bruce Springsteen,Steven Tyler,Bad Bunny,LL Cool J,Eric Prydz,Crystal Gayle,Kris Kristofferson
Whitney Houston,Jon Bon Jovi,Jhay Cortez,Killer Mike,Daft Punk,Keith Whitley,The Carter Family
Aretha Franklin,Ozzy Osbourne,Anitta,Lupe Fiasco,Benny Benassi,Dwight Yoakam,Hank Williams
